{
  "project_info": {
    "project_number": "302710957521",
    "project_id": "opensource-login-and-signin",
    "storage_bucket": "opensource-login-and-signin.appspot.com"
  },
  "client": [
    {
      "client_info": {
        "mobilesdk_app_id": "1:302710957521:android:b6926bd40c2c9629da2cf0",
        "android_client_info": {
          "package_name": "com.example.opensource_loginsignin"
        }
      },
      "oauth_client": [],
      "api_key": [
        {
          "current_key": "AIzaSyC0reqo8hr-7O3Vm3TfbJp_DV_DU8zTBjM"
        }
      ],
      "services": {
        "appinvite_service": {
          "other_platform_oauth_client": []
        }
      }
    },
    {
      "client_info": {
        "mobilesdk_app_id": "1:302710957521:android:2e809925c4154fa6da2cf0",
        "android_client_info": {
          "package_name": "com.example.opensource_num2"
        }
      },
      "oauth_client": [],
      "api_key": [
        {
          "current_key": "AIzaSyC0reqo8hr-7O3Vm3TfbJp_DV_DU8zTBjM"
        }
      ],
      "services": {
        "appinvite_service": {
          "other_platform_oauth_client": []
        }
      }
    }
  ],
  "configuration_version": "1"
}